{"type": "block", "layer": 36, "block": 0, "features": [{"geom": {"triangles": {"v": [], "f": []}, "centroids": [[-4.5480815743847325, -7.599246549781574, 3.214567547340747]]}, "mtl": 0, "prop": ["1", "SQM"], "lh": 11.148637749935475}, {"geom": {"triangles": {"v": [-7.736538690328098, -10.454670561263118, 3.2145144715506775, -7.980066746178255, -10.473396788733714, 3.213760523148155, -8.011248092385104, -10.560843916084771, 3.2135948314189005, -7.99260896364693, -10.792003951931086, 3.213614904954888, -7.486565328278766, -10.792003951931086, 3.21383537362133, -7.442841764603236, -10.204784297946206, 3.2145770737646053, -7.7302675815937585, -10.217326515414884, 3.213862251745788, -7.105595472667686, -9.973711360832311, 3.2135948314189005, -7.424202635865063, -9.979895370834226, 3.2135948314189005, -6.736993637060445, -11.260508033625642, 3.2148812388692334, -7.480294219544426, -11.248052914889385, 3.2120746863546086, -6.512104709948469, -9.767548661190924, 3.2139626194257267, -7.105595472667686, -9.773819769925263, 3.2146458001081566, -6.356023781449371, -11.248052914889385, 3.210007112147872, -6.72445141959177, -11.535391633147487, 3.210406201261662, -6.3434815639806965, -11.52284941567881, 3.212667025780959, -5.7499908012614735, -9.873722016012577, 3.212563936265632, -5.20649471095212, -11.241781806155046, 3.213512155668985, -5.000419110043152, -10.948171979162607, 3.2135829233890774, -5.006690218777493, -10.179786961741272, 3.2135124958984083, -5.493920527942642, -9.86126689727632, 3.213328772009707, -5.012961327511833, -9.211597452145314, 3.212587752325278, -5.475107201739626, -9.224052570881572, 3.2135948314189005, -4.613178145697738, -10.204784297946206, 3.213210031940898, -4.5818226020260475, -10.941900870428269, 3.2134641833202684, -4.987876892574477, -11.541575643149406, 3.2135948314189005, -5.212765819686455, -11.560388969352422, 3.214009230856749, -5.7625330187301484, -9.542659734078944, 3.212931724272458, -6.505833601214128, -9.555114852815201, 3.2135948314189005], "f": [0, 1, 2, 3, 0, 2, 3, 4, 0, 5, 0, 4, 5, 6, 0, 7, 5, 4, 7, 8, 5, 4, 9, 7, 9, 4, 10, 11, 7, 9, 11, 12, 7, 9, 13, 11, 9, 14, 13, 13, 14, 15, 13, 16, 11, 16, 13, 17, 18, 16, 17, 19, 16, 18, 20, 16, 19, 19, 21, 20, 21, 22, 20, 19, 18, 23, 23, 18, 24, 18, 17, 25, 17, 26, 25, 16, 27, 11, 27, 28, 11]}, "centroids": [[-6.137190493737821, -10.477603919112916, 3.208912934321828]]}, "mtl": 0, "prop": ["2", "SQM"], "lh": 11.148637749935475}, {"geom": {"triangles": {"v": [-4.763510557857026, -13.396691544992184, 3.214034067604666, -5.063304394851387, -13.691869149168209, 3.2135948314189005, -4.805666344348969, -13.717650373964936, 3.2150241352271123, -4.6393077654241495, -13.537268899120274, 3.21560660800018, -4.75183932771256, -13.39207531217385, 3.214058904352583, -4.480091282557885, -13.696572480718963, 3.213990858467879, -4.531479534686494, -13.42952776711504, 3.2141949961219916, -4.1005150066655505, -13.762157826232254, 3.212368304347107, -4.290216045879297, -13.916758076280189, 3.2162829840941396, -3.6834862758320264, -14.010476312365585, 3.2142841362309538, -3.5664255794577047, -13.823039840194795, 3.214828163079164, -3.9693443156389674, -13.546675562221784, 3.21390205858834, -4.405012175210665, -14.031554205611554, 3.214432816489033, -3.7890499395267287, -14.675736430600015, 3.21386055059867, -3.5711289110084588, -14.207232348905462, 3.2149884111376426, -3.482114006473819, -14.619557748188232, 3.2150363834863587, -2.6200107529670893, -14.090084553798716, 3.2142732488894015, -2.8168538882393843, -13.771564489333764, 3.214996576643807, -3.7468941530347855, -14.982585264920504, 3.215144916672462, -3.8897360742058353, -14.73200221174422, 3.2149884111376426, -2.840196348528312, -15.781454838689315, 3.21198010257487, -3.3742857757361575, -16.029686226090227, 3.2143885866639748, -3.9249239621040655, -15.095029728476495, 3.2149884111376426, -4.6650889902208785, -13.876953955563623, 3.21480945046087, -4.929869136781845, -13.830094837520925, 3.2149884111376426], "f": [0, 1, 2, 0, 2, 3, 4, 0, 3, 3, 2, 5, 6, 3, 5, 7, 6, 5, 7, 5, 8, 7, 8, 9, 10, 7, 9, 10, 11, 7, 8, 12, 9, 9, 12, 13, 14, 9, 13, 14, 13, 15, 14, 15, 16, 16, 17, 14, 13, 18, 15, 13, 19, 18, 15, 18, 20, 18, 21, 20, 18, 22, 21, 2, 23, 5, 1, 24, 2]}, "centroids": [[-3.6449452226240906, -14.560823206612755, 3.212168929904924]]}, "mtl": 0, "prop": ["3", "Albemarble"], "lh": 11.148637749935475}], "featureCount": 3}