{"type": "block", "layer": 39, "block": 1, "features": [{"geom": {"lines": [[[6.339106700910846, -8.330914435703104, 3.222744961535074], [7.331800111139675, -8.52265304753052, 3.2835691364956134], [7.688062092165371, -8.395869697809498, 3.3171545438090635], [8.2760145886136, -8.442895073449534, 3.380976139990823], [8.478113563483525, -8.335693019684234, 3.406521245567625], [9.219298270581522, -8.159437871732, 3.513326406428755], [9.826176942373632, -8.167599275452268, 3.6228265245535938], [11.34116298252973, -8.909998699602022, 4.062695537046928], [11.381381105140687, -8.906361525995816, 4.071390780423854], [12.24659431380144, -8.829727675952068, 4.309685087051983], [12.709936561495805, -9.128952466511247, 4.465505399812663], [13.075971895366777, -9.098669763789518, 4.663477756541628], [13.307352145616303, -9.175476492570025, 4.7760484452137435], [13.990866314310747, -9.008414752032406, 5.024869790435036], [14.279645620941183, -8.881535764885534, 5.134735314960737], [14.845995904953558, -8.239699241855037, 5.515182578177285], [15.355218614607036, -7.908385397076373, 5.9325321453571895], [15.585706852497005, -7.645758631601517, 6.2748233591847065]]]}, "mtl": 0}, {"geom": {"lines": [[[-13.095089078597832, -11.828835372244743, 3.2242314238864367], [-13.500450522719554, -11.444967641113871, 3.234109644968945], [-14.502645803770676, -11.211114130691968, 3.36905858374373], [-15.023425890992408, -11.42389630453227, 3.464090105403916], [-15.514885919684513, -11.413572224998672, 3.5400599333819156], [-15.69833020122865, -11.54909845122874, 3.594593606530976], [-16.787826344381724, -11.78038499547922, 3.8292797801226657], [-16.990507066443072, -11.925610446354426, 3.885146131923658]]]}, "mtl": 0}, {"geom": {"lines": [[[28.794936184296173, -9.767422919266798, 5.863103568275804], [29.3665997593379, -10.316874895747326, 5.928915506585161], [29.482289884464763, -10.345345169234115, 5.944036663084128], [29.881135760020385, -10.963858697396065, 6.079413950703126], [30.07408191238714, -10.98209362159146, 6.11193784221519], [30.142107550826726, -11.09814698837519, 6.15125339347958], [30.790135140744248, -11.49201878545765, 6.383917243377861], [31.16885256342342, -11.936020108746701, 6.519529969757936]]]}, "mtl": 0}, {"geom": {"lines": [[[-34.11644633334967, 0.7605320199086043, 3.7087977366654163], [-34.30373014636828, -0.34248193962718226, 3.631049189261249], [-34.420312283854706, -0.642182101379473, 3.6139159159515795], [-34.47387180876211, -1.9494031003042227, 3.5117770016340404], [-34.72953030853457, -3.2173407941099224, 3.3870121501935087], [-34.99166559372765, -3.7877401830977697, 3.325873263016212], [-35.16328101567667, -4.419557030131735, 3.2692914087375553], [-35.239334765384015, -5.434027549872791, 3.1870389042248175], [-35.4450017897009, -6.2374849467763, 3.1263249635974986], [-36.13173495953226, -6.883868471374067, 3.057677893501941], [-36.42291882122811, -7.37688662405152, 3.015629959737254], [-36.578827068965936, -7.793032752485106, 2.9851334953599507], [-36.55043780594589, -7.928851438082836, 2.9784166860807995], [-37.17151110925241, -8.934359365454544, 2.8859892804282428], [-37.30822169961949, -9.075196553016225, 2.875773551757602], [-37.74286441912081, -9.523107857327592, 2.83533694454271], [-37.85975682178088, -9.794113805070355, 2.8139099759082056], [-37.95915802550092, -10.472511349224783, 2.7624766433809804], [-38.48408790936591, -11.391400905900213, 2.6986077553093515], [-39.53805869060014, -12.08459266013778, 2.642322751202717], [-39.71262163165953, -12.316578598243844, 2.629285670037528], [-39.80938558143798, -12.354919418245004, 2.6259321987245934], [-40.04049434966486, -12.324534508222822, 2.6188744795630745], [-40.36712600699215, -12.080403291369901, 2.6147539610148116], [-40.5908271942976, -11.797183899228411, 2.6259143366798585], [-40.79796797817001, -11.534881370682767, 2.646297991787136], [-40.97105715967811, -11.446660121418264, 2.6491492844709534], [-41.53031012793361, -11.45347235983878, 2.5854176789717154], [-42.67805855668652, -11.621792306499932, 2.5076829108592005], [-43.286410988037396, -11.802769440188898, 2.4633545893833637], [-43.557156131684785, -11.946726001384587, 2.449228093604061], [-44.10605399990393, -11.827227405369815, 2.422177132598755], [-44.39304928181104, -11.447252489642288, 2.4078080532404815], [-44.630945100626676, -10.92205821514986, 2.3903217919039093], [-44.97448620969738, -10.54730638825118, 2.3748403324454337], [-45.43550146861925, -10.044532152409213, 2.3571380254249257], [-45.6053328658443, -9.44227813934279, 2.3462932125501945], [-46.01542585380426, -8.712622023873339, 2.326212191515139], [-46.43676595415949, -8.293193367881864, 2.3232892805376704], [-47.071180659757914, -8.008052341711002, 2.300191785433678], [-47.53099364115146, -7.6271540810375535, 2.2870786629923323], [-48.404467659947386, -7.088452399993731, 2.234740490313253], [-48.58791194149185, -6.907797512435682, 2.2352435195159286], [-48.68199985418256, -6.815252726277679, 2.214720200230296], [-48.919313925803195, -6.261284399949869, 2.178112875177133], [-49.01309157332545, -5.853579536353918, 2.157097584145089], [-48.96961566642754, -5.0882568634274685, 2.115074997472454], [-49.0725849195991, -4.603089699901156, 2.0911036230941478], [-49.243308329188565, -4.233832999005677, 2.081610201489642]]]}, "mtl": 0}, {"geom": {"lines": [[[-20.052087410907372, -15.03469338797464, 3.7859702756555627], [-21.766806654009898, -14.138314113854209, 3.533103602588606], [-22.855953748844165, -13.990152216729658, 3.4050218544981683], [-23.270817063788506, -13.989178594498753, 3.3674016664511828], [-24.052258676643916, -14.15202987256906, 3.2937600284183373], [-24.77630123312166, -14.460728086103126, 3.2293239778976988], [-25.047628123959825, -14.506026719774724, 3.207899731098583], [-25.518998482921308, -14.58477102031341, 3.1807385357600557], [-25.88619731117836, -14.806912182948428, 3.159398665857973], [-26.456658608687533, -15.329341001406524, 3.1315335358421814]]]}, "mtl": 0}, {"geom": {"lines": [[[-26.456658608687533, -15.329341001406524, 3.1315335358421814], [-26.50401283020183, -15.028257805284948, 3.13607015497541], [-26.39689378038702, -14.640570078388684, 3.1478553619767533], [-26.232375674190667, -14.437147542022897, 3.1565162421819033], [-25.76841289615517, -14.069778161285502, 3.178949949680606], [-25.09261657355938, -13.81938995842052, 3.2201418662157146], [-24.686944864268877, -13.539002454601032, 3.274051898831461], [-24.224184363765605, -13.511235381368918, 3.290574800555334], [-23.9537107021415, -13.385819677039306, 3.323575013260328], [-23.490950201637904, -13.357884064212826, 3.3570961172127323], [-23.374949811342255, -13.280553942327513, 3.380940756130777], [-23.30719565492499, -13.13516607287981, 3.3905869407464437], [-23.480013354410772, -12.804914856310948, 3.391304144371226], [-23.421722285665776, -12.688529580647513, 3.4019029713727513], [-23.20926821075981, -12.533931385877795, 3.4226205616592145], [-23.167266063420993, -12.283400883759068, 3.4259844099695664], [-23.15066687684539, -12.184842235057204, 3.425545854242648], [-23.053902927071483, -12.08797801094374, 3.4320217810899463], [-22.83229602966236, -12.078922202157905, 3.443072772995331], [-22.592034438932306, -12.38026851634983, 3.461040969310321], [-22.187565007169813, -12.565502416676416, 3.504960845363221], [-21.78278531024341, -12.653741437389954, 3.559080459303856], [-21.204295901471344, -12.538628940761388, 3.664089208808795], [-20.654234538865463, -12.326438850066824, 3.806838927806069], [-20.22017356655102, -12.269012650831215, 3.9781900332916345], [-19.381914644504832, -12.445313392646286, 4.150272972267193]]]},